episode,player_A_name,player_B_name,player_A_type,player_B_type,score_A,score_B,winner_name
1,model4-12,RNN_Gen4,QNet,QNetRNN,3,0,model4-12
2,model4-12,RNN_Gen4,QNet,QNetRNN,0,3,RNN_Gen4
3,model4-12,RNN_Gen4,QNet,QNetRNN,0,3,RNN_Gen4
4,model4-12,RNN_Gen4,QNet,QNetRNN,0,3,RNN_Gen4
5,model4-12,RNN_Gen4,QNet,QNetRNN,1,3,RNN_Gen4
6,model4-12,RNN_Gen4,QNet,QNetRNN,3,0,model4-12
7,model4-12,RNN_Gen4,QNet,QNetRNN,0,3,RNN_Gen4
8,model4-12,RNN_Gen4,QNet,QNetRNN,2,3,RNN_Gen4
9,model4-12,RNN_Gen4,QNet,QNetRNN,0,3,RNN_Gen4
10,model4-12,RNN_Gen4,QNet,QNetRNN,0,3,RNN_Gen4
11,model4-12,RNN_Gen4,QNet,QNetRNN,3,0,model4-12
12,model4-12,RNN_Gen4,QNet,QNetRNN,0,3,RNN_Gen4
13,model4-12,RNN_Gen4,QNet,QNetRNN,0,3,RNN_Gen4
14,model4-12,RNN_Gen4,QNet,QNetRNN,3,0,model4-12
15,model4-12,RNN_Gen4,QNet,QNetRNN,0,3,RNN_Gen4
16,model4-12,RNN_Gen4,QNet,QNetRNN,3,2,model4-12
17,model4-12,RNN_Gen4,QNet,QNetRNN,0,3,RNN_Gen4
18,model4-12,RNN_Gen4,QNet,QNetRNN,3,0,model4-12
19,model4-12,RNN_Gen4,QNet,QNetRNN,3,0,model4-12
20,model4-12,RNN_Gen4,QNet,QNetRNN,3,0,model4-12
21,model4-12,RNN_Gen4,QNet,QNetRNN,3,0,model4-12
22,model4-12,RNN_Gen4,QNet,QNetRNN,3,0,model4-12
23,model4-12,RNN_Gen4,QNet,QNetRNN,3,0,model4-12
24,model4-12,RNN_Gen4,QNet,QNetRNN,3,0,model4-12
25,model4-12,RNN_Gen4,QNet,QNetRNN,1,3,RNN_Gen4
26,model4-12,RNN_Gen4,QNet,QNetRNN,0,3,RNN_Gen4
27,model4-12,RNN_Gen4,QNet,QNetRNN,3,1,model4-12
28,model4-12,RNN_Gen4,QNet,QNetRNN,3,0,model4-12
29,model4-12,RNN_Gen4,QNet,QNetRNN,2,3,RNN_Gen4
30,model4-12,RNN_Gen4,QNet,QNetRNN,3,0,model4-12
31,model4-12,RNN_Gen4,QNet,QNetRNN,0,3,RNN_Gen4
32,model4-12,RNN_Gen4,QNet,QNetRNN,0,3,RNN_Gen4
33,model4-12,RNN_Gen4,QNet,QNetRNN,1,3,RNN_Gen4
34,model4-12,RNN_Gen4,QNet,QNetRNN,3,0,model4-12
35,model4-12,RNN_Gen4,QNet,QNetRNN,1,3,RNN_Gen4
36,model4-12,RNN_Gen4,QNet,QNetRNN,0,3,RNN_Gen4
37,model4-12,RNN_Gen4,QNet,QNetRNN,0,3,RNN_Gen4
38,model4-12,RNN_Gen4,QNet,QNetRNN,3,0,model4-12
39,model4-12,RNN_Gen4,QNet,QNetRNN,3,0,model4-12
40,model4-12,RNN_Gen4,QNet,QNetRNN,0,3,RNN_Gen4
41,model4-12,RNN_Gen4,QNet,QNetRNN,3,0,model4-12
42,model4-12,RNN_Gen4,QNet,QNetRNN,3,0,model4-12
43,model4-12,RNN_Gen4,QNet,QNetRNN,2,3,RNN_Gen4
44,model4-12,RNN_Gen4,QNet,QNetRNN,3,0,model4-12
45,model4-12,RNN_Gen4,QNet,QNetRNN,1,3,RNN_Gen4
46,model4-12,RNN_Gen4,QNet,QNetRNN,0,3,RNN_Gen4
47,model4-12,RNN_Gen4,QNet,QNetRNN,3,0,model4-12
48,model4-12,RNN_Gen4,QNet,QNetRNN,0,3,RNN_Gen4
49,model4-12,RNN_Gen4,QNet,QNetRNN,3,0,model4-12
50,model4-12,RNN_Gen4,QNet,QNetRNN,3,0,model4-12
51,model4-12,RNN_Gen4,QNet,QNetRNN,3,0,model4-12
52,model4-12,RNN_Gen4,QNet,QNetRNN,3,1,model4-12
53,model4-12,RNN_Gen4,QNet,QNetRNN,0,3,RNN_Gen4
54,model4-12,RNN_Gen4,QNet,QNetRNN,0,3,RNN_Gen4
55,model4-12,RNN_Gen4,QNet,QNetRNN,0,3,RNN_Gen4
56,model4-12,RNN_Gen4,QNet,QNetRNN,0,3,RNN_Gen4
57,model4-12,RNN_Gen4,QNet,QNetRNN,3,0,model4-12
58,model4-12,RNN_Gen4,QNet,QNetRNN,1,3,RNN_Gen4
59,model4-12,RNN_Gen4,QNet,QNetRNN,3,0,model4-12
60,model4-12,RNN_Gen4,QNet,QNetRNN,3,0,model4-12
61,model4-12,RNN_Gen4,QNet,QNetRNN,0,3,RNN_Gen4
62,model4-12,RNN_Gen4,QNet,QNetRNN,3,0,model4-12
63,model4-12,RNN_Gen4,QNet,QNetRNN,3,0,model4-12
64,model4-12,RNN_Gen4,QNet,QNetRNN,1,3,RNN_Gen4
65,model4-12,RNN_Gen4,QNet,QNetRNN,0,3,RNN_Gen4
66,model4-12,RNN_Gen4,QNet,QNetRNN,0,3,RNN_Gen4
67,model4-12,RNN_Gen4,QNet,QNetRNN,1,3,RNN_Gen4
68,model4-12,RNN_Gen4,QNet,QNetRNN,3,0,model4-12
69,model4-12,RNN_Gen4,QNet,QNetRNN,3,0,model4-12
70,model4-12,RNN_Gen4,QNet,QNetRNN,0,3,RNN_Gen4
71,model4-12,RNN_Gen4,QNet,QNetRNN,3,0,model4-12
72,model4-12,RNN_Gen4,QNet,QNetRNN,3,0,model4-12
73,model4-12,RNN_Gen4,QNet,QNetRNN,0,3,RNN_Gen4
74,model4-12,RNN_Gen4,QNet,QNetRNN,3,0,model4-12
75,model4-12,RNN_Gen4,QNet,QNetRNN,0,3,RNN_Gen4
76,model4-12,RNN_Gen4,QNet,QNetRNN,3,0,model4-12
77,model4-12,RNN_Gen4,QNet,QNetRNN,3,0,model4-12
78,model4-12,RNN_Gen4,QNet,QNetRNN,0,3,RNN_Gen4
79,model4-12,RNN_Gen4,QNet,QNetRNN,3,0,model4-12
80,model4-12,RNN_Gen4,QNet,QNetRNN,1,3,RNN_Gen4
81,model4-12,RNN_Gen4,QNet,QNetRNN,0,3,RNN_Gen4
82,model4-12,RNN_Gen4,QNet,QNetRNN,3,0,model4-12
83,model4-12,RNN_Gen4,QNet,QNetRNN,3,0,model4-12
84,model4-12,RNN_Gen4,QNet,QNetRNN,3,0,model4-12
85,model4-12,RNN_Gen4,QNet,QNetRNN,0,3,RNN_Gen4
86,model4-12,RNN_Gen4,QNet,QNetRNN,1,3,RNN_Gen4
87,model4-12,RNN_Gen4,QNet,QNetRNN,0,3,RNN_Gen4
88,model4-12,RNN_Gen4,QNet,QNetRNN,3,0,model4-12
89,model4-12,RNN_Gen4,QNet,QNetRNN,3,0,model4-12
90,model4-12,RNN_Gen4,QNet,QNetRNN,2,3,RNN_Gen4
91,model4-12,RNN_Gen4,QNet,QNetRNN,3,2,model4-12
92,model4-12,RNN_Gen4,QNet,QNetRNN,3,0,model4-12
93,model4-12,RNN_Gen4,QNet,QNetRNN,3,0,model4-12
94,model4-12,RNN_Gen4,QNet,QNetRNN,1,3,RNN_Gen4
95,model4-12,RNN_Gen4,QNet,QNetRNN,1,3,RNN_Gen4
96,model4-12,RNN_Gen4,QNet,QNetRNN,2,3,RNN_Gen4
97,model4-12,RNN_Gen4,QNet,QNetRNN,3,0,model4-12
98,model4-12,RNN_Gen4,QNet,QNetRNN,3,0,model4-12
99,model4-12,RNN_Gen4,QNet,QNetRNN,3,0,model4-12
100,model4-12,RNN_Gen4,QNet,QNetRNN,0,3,RNN_Gen4
101,model4-12,RNN_Gen4,QNet,QNetRNN,3,0,model4-12
102,model4-12,RNN_Gen4,QNet,QNetRNN,0,3,RNN_Gen4
103,model4-12,RNN_Gen4,QNet,QNetRNN,3,0,model4-12
104,model4-12,RNN_Gen4,QNet,QNetRNN,0,3,RNN_Gen4
105,model4-12,RNN_Gen4,QNet,QNetRNN,3,0,model4-12
106,model4-12,RNN_Gen4,QNet,QNetRNN,1,3,RNN_Gen4
107,model4-12,RNN_Gen4,QNet,QNetRNN,3,0,model4-12
108,model4-12,RNN_Gen4,QNet,QNetRNN,0,3,RNN_Gen4
109,model4-12,RNN_Gen4,QNet,QNetRNN,3,0,model4-12
110,model4-12,RNN_Gen4,QNet,QNetRNN,0,3,RNN_Gen4
111,model4-12,RNN_Gen4,QNet,QNetRNN,1,3,RNN_Gen4
112,model4-12,RNN_Gen4,QNet,QNetRNN,3,0,model4-12
113,model4-12,RNN_Gen4,QNet,QNetRNN,3,0,model4-12
114,model4-12,RNN_Gen4,QNet,QNetRNN,0,3,RNN_Gen4
115,model4-12,RNN_Gen4,QNet,QNetRNN,1,3,RNN_Gen4
116,model4-12,RNN_Gen4,QNet,QNetRNN,3,2,model4-12
117,model4-12,RNN_Gen4,QNet,QNetRNN,0,3,RNN_Gen4
118,model4-12,RNN_Gen4,QNet,QNetRNN,3,1,model4-12
119,model4-12,RNN_Gen4,QNet,QNetRNN,3,0,model4-12
120,model4-12,RNN_Gen4,QNet,QNetRNN,0,3,RNN_Gen4
121,model4-12,RNN_Gen4,QNet,QNetRNN,3,0,model4-12
122,model4-12,RNN_Gen4,QNet,QNetRNN,2,3,RNN_Gen4
123,model4-12,RNN_Gen4,QNet,QNetRNN,3,0,model4-12
124,model4-12,RNN_Gen4,QNet,QNetRNN,3,0,model4-12
125,model4-12,RNN_Gen4,QNet,QNetRNN,3,0,model4-12
126,model4-12,RNN_Gen4,QNet,QNetRNN,3,0,model4-12
127,model4-12,RNN_Gen4,QNet,QNetRNN,3,0,model4-12
128,model4-12,RNN_Gen4,QNet,QNetRNN,1,3,RNN_Gen4
129,model4-12,RNN_Gen4,QNet,QNetRNN,0,3,RNN_Gen4
130,model4-12,RNN_Gen4,QNet,QNetRNN,3,0,model4-12
131,model4-12,RNN_Gen4,QNet,QNetRNN,3,0,model4-12
132,model4-12,RNN_Gen4,QNet,QNetRNN,0,3,RNN_Gen4
133,model4-12,RNN_Gen4,QNet,QNetRNN,3,0,model4-12
134,model4-12,RNN_Gen4,QNet,QNetRNN,3,0,model4-12
135,model4-12,RNN_Gen4,QNet,QNetRNN,0,3,RNN_Gen4
136,model4-12,RNN_Gen4,QNet,QNetRNN,3,0,model4-12
137,model4-12,RNN_Gen4,QNet,QNetRNN,3,0,model4-12
138,model4-12,RNN_Gen4,QNet,QNetRNN,3,0,model4-12
139,model4-12,RNN_Gen4,QNet,QNetRNN,3,0,model4-12
140,model4-12,RNN_Gen4,QNet,QNetRNN,1,3,RNN_Gen4
141,model4-12,RNN_Gen4,QNet,QNetRNN,3,0,model4-12
142,model4-12,RNN_Gen4,QNet,QNetRNN,0,3,RNN_Gen4
143,model4-12,RNN_Gen4,QNet,QNetRNN,3,0,model4-12
144,model4-12,RNN_Gen4,QNet,QNetRNN,3,1,model4-12
145,model4-12,RNN_Gen4,QNet,QNetRNN,3,0,model4-12
146,model4-12,RNN_Gen4,QNet,QNetRNN,3,0,model4-12
147,model4-12,RNN_Gen4,QNet,QNetRNN,0,3,RNN_Gen4
148,model4-12,RNN_Gen4,QNet,QNetRNN,2,3,RNN_Gen4
149,model4-12,RNN_Gen4,QNet,QNetRNN,2,3,RNN_Gen4
150,model4-12,RNN_Gen4,QNet,QNetRNN,0,3,RNN_Gen4
151,model4-12,RNN_Gen4,QNet,QNetRNN,3,0,model4-12
152,model4-12,RNN_Gen4,QNet,QNetRNN,0,3,RNN_Gen4
153,model4-12,RNN_Gen4,QNet,QNetRNN,0,3,RNN_Gen4
154,model4-12,RNN_Gen4,QNet,QNetRNN,3,0,model4-12
155,model4-12,RNN_Gen4,QNet,QNetRNN,0,3,RNN_Gen4
156,model4-12,RNN_Gen4,QNet,QNetRNN,3,0,model4-12
157,model4-12,RNN_Gen4,QNet,QNetRNN,3,1,model4-12
158,model4-12,RNN_Gen4,QNet,QNetRNN,1,3,RNN_Gen4
159,model4-12,RNN_Gen4,QNet,QNetRNN,3,0,model4-12
160,model4-12,RNN_Gen4,QNet,QNetRNN,0,3,RNN_Gen4
161,model4-12,RNN_Gen4,QNet,QNetRNN,3,0,model4-12
162,model4-12,RNN_Gen4,QNet,QNetRNN,3,2,model4-12
163,model4-12,RNN_Gen4,QNet,QNetRNN,0,3,RNN_Gen4
164,model4-12,RNN_Gen4,QNet,QNetRNN,3,0,model4-12
165,model4-12,RNN_Gen4,QNet,QNetRNN,0,3,RNN_Gen4
166,model4-12,RNN_Gen4,QNet,QNetRNN,2,3,RNN_Gen4
167,model4-12,RNN_Gen4,QNet,QNetRNN,0,3,RNN_Gen4
168,model4-12,RNN_Gen4,QNet,QNetRNN,0,3,RNN_Gen4
169,model4-12,RNN_Gen4,QNet,QNetRNN,0,3,RNN_Gen4
170,model4-12,RNN_Gen4,QNet,QNetRNN,3,0,model4-12
171,model4-12,RNN_Gen4,QNet,QNetRNN,3,0,model4-12
172,model4-12,RNN_Gen4,QNet,QNetRNN,3,2,model4-12
173,model4-12,RNN_Gen4,QNet,QNetRNN,3,2,model4-12
174,model4-12,RNN_Gen4,QNet,QNetRNN,0,3,RNN_Gen4
175,model4-12,RNN_Gen4,QNet,QNetRNN,1,3,RNN_Gen4
176,model4-12,RNN_Gen4,QNet,QNetRNN,3,0,model4-12
177,model4-12,RNN_Gen4,QNet,QNetRNN,1,3,RNN_Gen4
178,model4-12,RNN_Gen4,QNet,QNetRNN,0,3,RNN_Gen4
179,model4-12,RNN_Gen4,QNet,QNetRNN,3,0,model4-12
180,model4-12,RNN_Gen4,QNet,QNetRNN,3,0,model4-12
181,model4-12,RNN_Gen4,QNet,QNetRNN,3,0,model4-12
182,model4-12,RNN_Gen4,QNet,QNetRNN,0,3,RNN_Gen4
183,model4-12,RNN_Gen4,QNet,QNetRNN,3,0,model4-12
184,model4-12,RNN_Gen4,QNet,QNetRNN,0,3,RNN_Gen4
185,model4-12,RNN_Gen4,QNet,QNetRNN,3,0,model4-12
186,model4-12,RNN_Gen4,QNet,QNetRNN,0,3,RNN_Gen4
187,model4-12,RNN_Gen4,QNet,QNetRNN,3,2,model4-12
188,model4-12,RNN_Gen4,QNet,QNetRNN,3,2,model4-12
189,model4-12,RNN_Gen4,QNet,QNetRNN,0,3,RNN_Gen4
190,model4-12,RNN_Gen4,QNet,QNetRNN,0,3,RNN_Gen4
191,model4-12,RNN_Gen4,QNet,QNetRNN,0,3,RNN_Gen4
192,model4-12,RNN_Gen4,QNet,QNetRNN,0,3,RNN_Gen4
193,model4-12,RNN_Gen4,QNet,QNetRNN,3,2,model4-12
194,model4-12,RNN_Gen4,QNet,QNetRNN,3,0,model4-12
195,model4-12,RNN_Gen4,QNet,QNetRNN,3,0,model4-12
196,model4-12,RNN_Gen4,QNet,QNetRNN,2,3,RNN_Gen4
197,model4-12,RNN_Gen4,QNet,QNetRNN,3,0,model4-12
198,model4-12,RNN_Gen4,QNet,QNetRNN,3,0,model4-12
199,model4-12,RNN_Gen4,QNet,QNetRNN,3,0,model4-12
200,model4-12,RNN_Gen4,QNet,QNetRNN,0,3,RNN_Gen4
201,model4-12,RNN_Gen4,QNet,QNetRNN,0,3,RNN_Gen4
202,model4-12,RNN_Gen4,QNet,QNetRNN,3,0,model4-12
203,model4-12,RNN_Gen4,QNet,QNetRNN,3,0,model4-12
204,model4-12,RNN_Gen4,QNet,QNetRNN,3,0,model4-12
205,model4-12,RNN_Gen4,QNet,QNetRNN,2,3,RNN_Gen4
206,model4-12,RNN_Gen4,QNet,QNetRNN,0,3,RNN_Gen4
207,model4-12,RNN_Gen4,QNet,QNetRNN,3,1,model4-12
208,model4-12,RNN_Gen4,QNet,QNetRNN,3,0,model4-12
209,model4-12,RNN_Gen4,QNet,QNetRNN,3,0,model4-12
210,model4-12,RNN_Gen4,QNet,QNetRNN,3,1,model4-12
211,model4-12,RNN_Gen4,QNet,QNetRNN,3,0,model4-12
212,model4-12,RNN_Gen4,QNet,QNetRNN,2,3,RNN_Gen4
213,model4-12,RNN_Gen4,QNet,QNetRNN,1,3,RNN_Gen4
214,model4-12,RNN_Gen4,QNet,QNetRNN,3,0,model4-12
215,model4-12,RNN_Gen4,QNet,QNetRNN,0,3,RNN_Gen4
216,model4-12,RNN_Gen4,QNet,QNetRNN,0,3,RNN_Gen4
217,model4-12,RNN_Gen4,QNet,QNetRNN,1,3,RNN_Gen4
218,model4-12,RNN_Gen4,QNet,QNetRNN,3,0,model4-12
219,model4-12,RNN_Gen4,QNet,QNetRNN,3,1,model4-12
220,model4-12,RNN_Gen4,QNet,QNetRNN,1,3,RNN_Gen4
221,model4-12,RNN_Gen4,QNet,QNetRNN,3,0,model4-12
222,model4-12,RNN_Gen4,QNet,QNetRNN,3,0,model4-12
223,model4-12,RNN_Gen4,QNet,QNetRNN,3,0,model4-12
224,model4-12,RNN_Gen4,QNet,QNetRNN,0,3,RNN_Gen4
225,model4-12,RNN_Gen4,QNet,QNetRNN,3,0,model4-12
226,model4-12,RNN_Gen4,QNet,QNetRNN,3,0,model4-12
227,model4-12,RNN_Gen4,QNet,QNetRNN,1,3,RNN_Gen4
228,model4-12,RNN_Gen4,QNet,QNetRNN,1,3,RNN_Gen4
229,model4-12,RNN_Gen4,QNet,QNetRNN,3,0,model4-12
230,model4-12,RNN_Gen4,QNet,QNetRNN,0,3,RNN_Gen4
231,model4-12,RNN_Gen4,QNet,QNetRNN,3,0,model4-12
232,model4-12,RNN_Gen4,QNet,QNetRNN,0,3,RNN_Gen4
233,model4-12,RNN_Gen4,QNet,QNetRNN,3,0,model4-12
234,model4-12,RNN_Gen4,QNet,QNetRNN,0,3,RNN_Gen4
235,model4-12,RNN_Gen4,QNet,QNetRNN,3,0,model4-12
236,model4-12,RNN_Gen4,QNet,QNetRNN,1,3,RNN_Gen4
237,model4-12,RNN_Gen4,QNet,QNetRNN,3,2,model4-12
238,model4-12,RNN_Gen4,QNet,QNetRNN,3,1,model4-12
239,model4-12,RNN_Gen4,QNet,QNetRNN,2,3,RNN_Gen4
240,model4-12,RNN_Gen4,QNet,QNetRNN,0,3,RNN_Gen4
241,model4-12,RNN_Gen4,QNet,QNetRNN,0,3,RNN_Gen4
242,model4-12,RNN_Gen4,QNet,QNetRNN,3,0,model4-12
243,model4-12,RNN_Gen4,QNet,QNetRNN,3,2,model4-12
244,model4-12,RNN_Gen4,QNet,QNetRNN,0,3,RNN_Gen4
245,model4-12,RNN_Gen4,QNet,QNetRNN,3,0,model4-12
246,model4-12,RNN_Gen4,QNet,QNetRNN,3,0,model4-12
247,model4-12,RNN_Gen4,QNet,QNetRNN,2,3,RNN_Gen4
248,model4-12,RNN_Gen4,QNet,QNetRNN,3,0,model4-12
249,model4-12,RNN_Gen4,QNet,QNetRNN,1,3,RNN_Gen4
250,model4-12,RNN_Gen4,QNet,QNetRNN,1,3,RNN_Gen4
251,model4-12,RNN_Gen4,QNet,QNetRNN,3,2,model4-12
252,model4-12,RNN_Gen4,QNet,QNetRNN,0,3,RNN_Gen4
253,model4-12,RNN_Gen4,QNet,QNetRNN,3,2,model4-12
254,model4-12,RNN_Gen4,QNet,QNetRNN,3,0,model4-12
255,model4-12,RNN_Gen4,QNet,QNetRNN,0,3,RNN_Gen4
256,model4-12,RNN_Gen4,QNet,QNetRNN,3,1,model4-12
257,model4-12,RNN_Gen4,QNet,QNetRNN,0,3,RNN_Gen4
258,model4-12,RNN_Gen4,QNet,QNetRNN,0,3,RNN_Gen4
259,model4-12,RNN_Gen4,QNet,QNetRNN,3,0,model4-12
260,model4-12,RNN_Gen4,QNet,QNetRNN,3,0,model4-12
261,model4-12,RNN_Gen4,QNet,QNetRNN,0,3,RNN_Gen4
262,model4-12,RNN_Gen4,QNet,QNetRNN,0,3,RNN_Gen4
263,model4-12,RNN_Gen4,QNet,QNetRNN,3,0,model4-12
264,model4-12,RNN_Gen4,QNet,QNetRNN,0,3,RNN_Gen4
265,model4-12,RNN_Gen4,QNet,QNetRNN,0,3,RNN_Gen4
266,model4-12,RNN_Gen4,QNet,QNetRNN,0,3,RNN_Gen4
267,model4-12,RNN_Gen4,QNet,QNetRNN,3,0,model4-12
268,model4-12,RNN_Gen4,QNet,QNetRNN,0,3,RNN_Gen4
269,model4-12,RNN_Gen4,QNet,QNetRNN,0,3,RNN_Gen4
270,model4-12,RNN_Gen4,QNet,QNetRNN,3,0,model4-12
271,model4-12,RNN_Gen4,QNet,QNetRNN,3,0,model4-12
272,model4-12,RNN_Gen4,QNet,QNetRNN,0,3,RNN_Gen4
273,model4-12,RNN_Gen4,QNet,QNetRNN,0,3,RNN_Gen4
274,model4-12,RNN_Gen4,QNet,QNetRNN,3,0,model4-12
275,model4-12,RNN_Gen4,QNet,QNetRNN,3,0,model4-12
276,model4-12,RNN_Gen4,QNet,QNetRNN,0,3,RNN_Gen4
277,model4-12,RNN_Gen4,QNet,QNetRNN,0,3,RNN_Gen4
278,model4-12,RNN_Gen4,QNet,QNetRNN,0,3,RNN_Gen4
279,model4-12,RNN_Gen4,QNet,QNetRNN,0,3,RNN_Gen4
280,model4-12,RNN_Gen4,QNet,QNetRNN,3,0,model4-12
281,model4-12,RNN_Gen4,QNet,QNetRNN,3,0,model4-12
282,model4-12,RNN_Gen4,QNet,QNetRNN,0,3,RNN_Gen4
283,model4-12,RNN_Gen4,QNet,QNetRNN,3,1,model4-12
284,model4-12,RNN_Gen4,QNet,QNetRNN,3,0,model4-12
285,model4-12,RNN_Gen4,QNet,QNetRNN,0,3,RNN_Gen4
286,model4-12,RNN_Gen4,QNet,QNetRNN,3,0,model4-12
287,model4-12,RNN_Gen4,QNet,QNetRNN,0,3,RNN_Gen4
288,model4-12,RNN_Gen4,QNet,QNetRNN,3,0,model4-12
289,model4-12,RNN_Gen4,QNet,QNetRNN,3,0,model4-12
290,model4-12,RNN_Gen4,QNet,QNetRNN,0,3,RNN_Gen4
291,model4-12,RNN_Gen4,QNet,QNetRNN,0,3,RNN_Gen4
292,model4-12,RNN_Gen4,QNet,QNetRNN,3,0,model4-12
293,model4-12,RNN_Gen4,QNet,QNetRNN,3,0,model4-12
294,model4-12,RNN_Gen4,QNet,QNetRNN,3,2,model4-12
295,model4-12,RNN_Gen4,QNet,QNetRNN,3,0,model4-12
296,model4-12,RNN_Gen4,QNet,QNetRNN,0,3,RNN_Gen4
297,model4-12,RNN_Gen4,QNet,QNetRNN,0,3,RNN_Gen4
298,model4-12,RNN_Gen4,QNet,QNetRNN,0,3,RNN_Gen4
299,model4-12,RNN_Gen4,QNet,QNetRNN,3,0,model4-12
300,model4-12,RNN_Gen4,QNet,QNetRNN,1,3,RNN_Gen4
301,model4-12,RNN_Gen4,QNet,QNetRNN,2,3,RNN_Gen4
302,model4-12,RNN_Gen4,QNet,QNetRNN,3,0,model4-12
303,model4-12,RNN_Gen4,QNet,QNetRNN,0,3,RNN_Gen4
304,model4-12,RNN_Gen4,QNet,QNetRNN,0,3,RNN_Gen4
305,model4-12,RNN_Gen4,QNet,QNetRNN,0,3,RNN_Gen4
306,model4-12,RNN_Gen4,QNet,QNetRNN,0,3,RNN_Gen4
307,model4-12,RNN_Gen4,QNet,QNetRNN,3,0,model4-12
308,model4-12,RNN_Gen4,QNet,QNetRNN,0,3,RNN_Gen4
309,model4-12,RNN_Gen4,QNet,QNetRNN,0,3,RNN_Gen4
310,model4-12,RNN_Gen4,QNet,QNetRNN,3,0,model4-12
311,model4-12,RNN_Gen4,QNet,QNetRNN,0,3,RNN_Gen4
312,model4-12,RNN_Gen4,QNet,QNetRNN,0,3,RNN_Gen4
313,model4-12,RNN_Gen4,QNet,QNetRNN,3,0,model4-12
314,model4-12,RNN_Gen4,QNet,QNetRNN,3,0,model4-12
315,model4-12,RNN_Gen4,QNet,QNetRNN,1,3,RNN_Gen4
316,model4-12,RNN_Gen4,QNet,QNetRNN,3,0,model4-12
317,model4-12,RNN_Gen4,QNet,QNetRNN,3,0,model4-12
318,model4-12,RNN_Gen4,QNet,QNetRNN,3,0,model4-12
319,model4-12,RNN_Gen4,QNet,QNetRNN,3,0,model4-12
320,model4-12,RNN_Gen4,QNet,QNetRNN,3,0,model4-12
321,model4-12,RNN_Gen4,QNet,QNetRNN,3,0,model4-12
322,model4-12,RNN_Gen4,QNet,QNetRNN,3,0,model4-12
323,model4-12,RNN_Gen4,QNet,QNetRNN,3,0,model4-12
324,model4-12,RNN_Gen4,QNet,QNetRNN,0,3,RNN_Gen4
325,model4-12,RNN_Gen4,QNet,QNetRNN,3,0,model4-12
326,model4-12,RNN_Gen4,QNet,QNetRNN,3,0,model4-12
327,model4-12,RNN_Gen4,QNet,QNetRNN,3,2,model4-12
328,model4-12,RNN_Gen4,QNet,QNetRNN,3,0,model4-12
329,model4-12,RNN_Gen4,QNet,QNetRNN,0,3,RNN_Gen4
330,model4-12,RNN_Gen4,QNet,QNetRNN,3,0,model4-12
331,model4-12,RNN_Gen4,QNet,QNetRNN,1,3,RNN_Gen4
332,model4-12,RNN_Gen4,QNet,QNetRNN,0,3,RNN_Gen4
333,model4-12,RNN_Gen4,QNet,QNetRNN,3,0,model4-12
334,model4-12,RNN_Gen4,QNet,QNetRNN,1,3,RNN_Gen4
335,model4-12,RNN_Gen4,QNet,QNetRNN,3,0,model4-12
336,model4-12,RNN_Gen4,QNet,QNetRNN,3,0,model4-12
337,model4-12,RNN_Gen4,QNet,QNetRNN,3,2,model4-12
338,model4-12,RNN_Gen4,QNet,QNetRNN,0,3,RNN_Gen4
339,model4-12,RNN_Gen4,QNet,QNetRNN,0,3,RNN_Gen4
340,model4-12,RNN_Gen4,QNet,QNetRNN,3,0,model4-12
341,model4-12,RNN_Gen4,QNet,QNetRNN,3,0,model4-12
342,model4-12,RNN_Gen4,QNet,QNetRNN,0,3,RNN_Gen4
343,model4-12,RNN_Gen4,QNet,QNetRNN,2,3,RNN_Gen4
344,model4-12,RNN_Gen4,QNet,QNetRNN,1,3,RNN_Gen4
345,model4-12,RNN_Gen4,QNet,QNetRNN,1,3,RNN_Gen4
346,model4-12,RNN_Gen4,QNet,QNetRNN,3,0,model4-12
347,model4-12,RNN_Gen4,QNet,QNetRNN,0,3,RNN_Gen4
348,model4-12,RNN_Gen4,QNet,QNetRNN,0,3,RNN_Gen4
349,model4-12,RNN_Gen4,QNet,QNetRNN,3,0,model4-12
350,model4-12,RNN_Gen4,QNet,QNetRNN,0,3,RNN_Gen4
351,model4-12,RNN_Gen4,QNet,QNetRNN,3,0,model4-12
352,model4-12,RNN_Gen4,QNet,QNetRNN,3,0,model4-12
353,model4-12,RNN_Gen4,QNet,QNetRNN,0,3,RNN_Gen4
354,model4-12,RNN_Gen4,QNet,QNetRNN,0,3,RNN_Gen4
355,model4-12,RNN_Gen4,QNet,QNetRNN,3,0,model4-12
356,model4-12,RNN_Gen4,QNet,QNetRNN,0,3,RNN_Gen4
357,model4-12,RNN_Gen4,QNet,QNetRNN,3,0,model4-12
358,model4-12,RNN_Gen4,QNet,QNetRNN,0,3,RNN_Gen4
359,model4-12,RNN_Gen4,QNet,QNetRNN,0,3,RNN_Gen4
360,model4-12,RNN_Gen4,QNet,QNetRNN,3,0,model4-12
361,model4-12,RNN_Gen4,QNet,QNetRNN,0,3,RNN_Gen4
362,model4-12,RNN_Gen4,QNet,QNetRNN,1,3,RNN_Gen4
363,model4-12,RNN_Gen4,QNet,QNetRNN,3,0,model4-12
364,model4-12,RNN_Gen4,QNet,QNetRNN,0,3,RNN_Gen4
365,model4-12,RNN_Gen4,QNet,QNetRNN,3,2,model4-12
366,model4-12,RNN_Gen4,QNet,QNetRNN,1,3,RNN_Gen4
367,model4-12,RNN_Gen4,QNet,QNetRNN,0,3,RNN_Gen4
368,model4-12,RNN_Gen4,QNet,QNetRNN,3,0,model4-12
369,model4-12,RNN_Gen4,QNet,QNetRNN,3,0,model4-12
370,model4-12,RNN_Gen4,QNet,QNetRNN,0,3,RNN_Gen4
371,model4-12,RNN_Gen4,QNet,QNetRNN,1,3,RNN_Gen4
372,model4-12,RNN_Gen4,QNet,QNetRNN,3,1,model4-12
373,model4-12,RNN_Gen4,QNet,QNetRNN,3,0,model4-12
374,model4-12,RNN_Gen4,QNet,QNetRNN,3,0,model4-12
375,model4-12,RNN_Gen4,QNet,QNetRNN,2,3,RNN_Gen4
376,model4-12,RNN_Gen4,QNet,QNetRNN,1,3,RNN_Gen4
377,model4-12,RNN_Gen4,QNet,QNetRNN,0,3,RNN_Gen4
378,model4-12,RNN_Gen4,QNet,QNetRNN,0,3,RNN_Gen4
379,model4-12,RNN_Gen4,QNet,QNetRNN,3,0,model4-12
380,model4-12,RNN_Gen4,QNet,QNetRNN,3,0,model4-12
381,model4-12,RNN_Gen4,QNet,QNetRNN,0,3,RNN_Gen4
382,model4-12,RNN_Gen4,QNet,QNetRNN,0,3,RNN_Gen4
383,model4-12,RNN_Gen4,QNet,QNetRNN,3,0,model4-12
384,model4-12,RNN_Gen4,QNet,QNetRNN,3,0,model4-12
385,model4-12,RNN_Gen4,QNet,QNetRNN,0,3,RNN_Gen4
386,model4-12,RNN_Gen4,QNet,QNetRNN,3,0,model4-12
387,model4-12,RNN_Gen4,QNet,QNetRNN,1,3,RNN_Gen4
388,model4-12,RNN_Gen4,QNet,QNetRNN,3,0,model4-12
389,model4-12,RNN_Gen4,QNet,QNetRNN,3,0,model4-12
390,model4-12,RNN_Gen4,QNet,QNetRNN,0,3,RNN_Gen4
391,model4-12,RNN_Gen4,QNet,QNetRNN,3,0,model4-12
392,model4-12,RNN_Gen4,QNet,QNetRNN,1,3,RNN_Gen4
393,model4-12,RNN_Gen4,QNet,QNetRNN,3,0,model4-12
394,model4-12,RNN_Gen4,QNet,QNetRNN,3,0,model4-12
395,model4-12,RNN_Gen4,QNet,QNetRNN,3,0,model4-12
396,model4-12,RNN_Gen4,QNet,QNetRNN,3,0,model4-12
397,model4-12,RNN_Gen4,QNet,QNetRNN,3,0,model4-12
398,model4-12,RNN_Gen4,QNet,QNetRNN,0,3,RNN_Gen4
399,model4-12,RNN_Gen4,QNet,QNetRNN,3,2,model4-12
400,model4-12,RNN_Gen4,QNet,QNetRNN,3,0,model4-12
401,model4-12,RNN_Gen4,QNet,QNetRNN,0,3,RNN_Gen4
402,model4-12,RNN_Gen4,QNet,QNetRNN,3,0,model4-12
403,model4-12,RNN_Gen4,QNet,QNetRNN,3,1,model4-12
404,model4-12,RNN_Gen4,QNet,QNetRNN,3,0,model4-12
405,model4-12,RNN_Gen4,QNet,QNetRNN,3,0,model4-12
406,model4-12,RNN_Gen4,QNet,QNetRNN,0,3,RNN_Gen4
407,model4-12,RNN_Gen4,QNet,QNetRNN,0,3,RNN_Gen4
408,model4-12,RNN_Gen4,QNet,QNetRNN,3,0,model4-12
409,model4-12,RNN_Gen4,QNet,QNetRNN,0,3,RNN_Gen4
410,model4-12,RNN_Gen4,QNet,QNetRNN,3,1,model4-12
411,model4-12,RNN_Gen4,QNet,QNetRNN,3,0,model4-12
412,model4-12,RNN_Gen4,QNet,QNetRNN,0,3,RNN_Gen4
413,model4-12,RNN_Gen4,QNet,QNetRNN,0,3,RNN_Gen4
414,model4-12,RNN_Gen4,QNet,QNetRNN,3,0,model4-12
415,model4-12,RNN_Gen4,QNet,QNetRNN,2,3,RNN_Gen4
416,model4-12,RNN_Gen4,QNet,QNetRNN,1,3,RNN_Gen4
417,model4-12,RNN_Gen4,QNet,QNetRNN,3,0,model4-12
418,model4-12,RNN_Gen4,QNet,QNetRNN,3,0,model4-12
419,model4-12,RNN_Gen4,QNet,QNetRNN,3,1,model4-12
420,model4-12,RNN_Gen4,QNet,QNetRNN,0,3,RNN_Gen4
421,model4-12,RNN_Gen4,QNet,QNetRNN,3,0,model4-12
422,model4-12,RNN_Gen4,QNet,QNetRNN,3,0,model4-12
423,model4-12,RNN_Gen4,QNet,QNetRNN,3,0,model4-12
424,model4-12,RNN_Gen4,QNet,QNetRNN,0,3,RNN_Gen4
425,model4-12,RNN_Gen4,QNet,QNetRNN,0,3,RNN_Gen4
426,model4-12,RNN_Gen4,QNet,QNetRNN,3,0,model4-12
427,model4-12,RNN_Gen4,QNet,QNetRNN,3,2,model4-12
428,model4-12,RNN_Gen4,QNet,QNetRNN,2,3,RNN_Gen4
429,model4-12,RNN_Gen4,QNet,QNetRNN,3,0,model4-12
430,model4-12,RNN_Gen4,QNet,QNetRNN,3,0,model4-12
431,model4-12,RNN_Gen4,QNet,QNetRNN,3,0,model4-12
432,model4-12,RNN_Gen4,QNet,QNetRNN,3,0,model4-12
433,model4-12,RNN_Gen4,QNet,QNetRNN,0,3,RNN_Gen4
434,model4-12,RNN_Gen4,QNet,QNetRNN,3,0,model4-12
435,model4-12,RNN_Gen4,QNet,QNetRNN,1,3,RNN_Gen4
436,model4-12,RNN_Gen4,QNet,QNetRNN,3,0,model4-12
437,model4-12,RNN_Gen4,QNet,QNetRNN,2,3,RNN_Gen4
438,model4-12,RNN_Gen4,QNet,QNetRNN,3,0,model4-12
439,model4-12,RNN_Gen4,QNet,QNetRNN,3,0,model4-12
440,model4-12,RNN_Gen4,QNet,QNetRNN,3,0,model4-12
441,model4-12,RNN_Gen4,QNet,QNetRNN,3,1,model4-12
442,model4-12,RNN_Gen4,QNet,QNetRNN,3,0,model4-12
443,model4-12,RNN_Gen4,QNet,QNetRNN,3,0,model4-12
444,model4-12,RNN_Gen4,QNet,QNetRNN,0,3,RNN_Gen4
445,model4-12,RNN_Gen4,QNet,QNetRNN,3,1,model4-12
446,model4-12,RNN_Gen4,QNet,QNetRNN,2,3,RNN_Gen4
447,model4-12,RNN_Gen4,QNet,QNetRNN,0,3,RNN_Gen4
448,model4-12,RNN_Gen4,QNet,QNetRNN,1,3,RNN_Gen4
449,model4-12,RNN_Gen4,QNet,QNetRNN,0,3,RNN_Gen4
450,model4-12,RNN_Gen4,QNet,QNetRNN,3,0,model4-12
451,model4-12,RNN_Gen4,QNet,QNetRNN,0,3,RNN_Gen4
452,model4-12,RNN_Gen4,QNet,QNetRNN,3,2,model4-12
453,model4-12,RNN_Gen4,QNet,QNetRNN,0,3,RNN_Gen4
454,model4-12,RNN_Gen4,QNet,QNetRNN,0,3,RNN_Gen4
455,model4-12,RNN_Gen4,QNet,QNetRNN,0,3,RNN_Gen4
456,model4-12,RNN_Gen4,QNet,QNetRNN,0,3,RNN_Gen4
457,model4-12,RNN_Gen4,QNet,QNetRNN,3,0,model4-12
458,model4-12,RNN_Gen4,QNet,QNetRNN,0,3,RNN_Gen4
459,model4-12,RNN_Gen4,QNet,QNetRNN,0,3,RNN_Gen4
460,model4-12,RNN_Gen4,QNet,QNetRNN,3,0,model4-12
461,model4-12,RNN_Gen4,QNet,QNetRNN,1,3,RNN_Gen4
462,model4-12,RNN_Gen4,QNet,QNetRNN,3,0,model4-12
463,model4-12,RNN_Gen4,QNet,QNetRNN,2,3,RNN_Gen4
464,model4-12,RNN_Gen4,QNet,QNetRNN,0,3,RNN_Gen4
465,model4-12,RNN_Gen4,QNet,QNetRNN,0,3,RNN_Gen4
466,model4-12,RNN_Gen4,QNet,QNetRNN,3,0,model4-12
467,model4-12,RNN_Gen4,QNet,QNetRNN,2,3,RNN_Gen4
468,model4-12,RNN_Gen4,QNet,QNetRNN,3,1,model4-12
469,model4-12,RNN_Gen4,QNet,QNetRNN,3,0,model4-12
470,model4-12,RNN_Gen4,QNet,QNetRNN,3,0,model4-12
471,model4-12,RNN_Gen4,QNet,QNetRNN,3,0,model4-12
472,model4-12,RNN_Gen4,QNet,QNetRNN,1,3,RNN_Gen4
473,model4-12,RNN_Gen4,QNet,QNetRNN,3,0,model4-12
474,model4-12,RNN_Gen4,QNet,QNetRNN,3,0,model4-12
475,model4-12,RNN_Gen4,QNet,QNetRNN,3,0,model4-12
476,model4-12,RNN_Gen4,QNet,QNetRNN,0,3,RNN_Gen4
477,model4-12,RNN_Gen4,QNet,QNetRNN,3,0,model4-12
478,model4-12,RNN_Gen4,QNet,QNetRNN,0,3,RNN_Gen4
479,model4-12,RNN_Gen4,QNet,QNetRNN,1,3,RNN_Gen4
480,model4-12,RNN_Gen4,QNet,QNetRNN,0,3,RNN_Gen4
481,model4-12,RNN_Gen4,QNet,QNetRNN,0,3,RNN_Gen4
482,model4-12,RNN_Gen4,QNet,QNetRNN,3,0,model4-12
483,model4-12,RNN_Gen4,QNet,QNetRNN,3,0,model4-12
484,model4-12,RNN_Gen4,QNet,QNetRNN,3,0,model4-12
485,model4-12,RNN_Gen4,QNet,QNetRNN,2,3,RNN_Gen4
486,model4-12,RNN_Gen4,QNet,QNetRNN,0,3,RNN_Gen4
487,model4-12,RNN_Gen4,QNet,QNetRNN,3,0,model4-12
488,model4-12,RNN_Gen4,QNet,QNetRNN,3,0,model4-12
489,model4-12,RNN_Gen4,QNet,QNetRNN,0,3,RNN_Gen4
490,model4-12,RNN_Gen4,QNet,QNetRNN,3,0,model4-12
491,model4-12,RNN_Gen4,QNet,QNetRNN,1,3,RNN_Gen4
492,model4-12,RNN_Gen4,QNet,QNetRNN,0,3,RNN_Gen4
493,model4-12,RNN_Gen4,QNet,QNetRNN,3,0,model4-12
494,model4-12,RNN_Gen4,QNet,QNetRNN,3,0,model4-12
495,model4-12,RNN_Gen4,QNet,QNetRNN,0,3,RNN_Gen4
496,model4-12,RNN_Gen4,QNet,QNetRNN,0,3,RNN_Gen4
497,model4-12,RNN_Gen4,QNet,QNetRNN,3,0,model4-12
498,model4-12,RNN_Gen4,QNet,QNetRNN,3,0,model4-12
499,model4-12,RNN_Gen4,QNet,QNetRNN,3,0,model4-12
500,model4-12,RNN_Gen4,QNet,QNetRNN,3,0,model4-12
501,model4-12,RNN_Gen4,QNet,QNetRNN,0,3,RNN_Gen4
502,model4-12,RNN_Gen4,QNet,QNetRNN,3,0,model4-12
503,model4-12,RNN_Gen4,QNet,QNetRNN,3,0,model4-12
504,model4-12,RNN_Gen4,QNet,QNetRNN,3,2,model4-12
505,model4-12,RNN_Gen4,QNet,QNetRNN,3,1,model4-12
506,model4-12,RNN_Gen4,QNet,QNetRNN,3,0,model4-12
507,model4-12,RNN_Gen4,QNet,QNetRNN,3,0,model4-12
508,model4-12,RNN_Gen4,QNet,QNetRNN,3,0,model4-12
509,model4-12,RNN_Gen4,QNet,QNetRNN,3,0,model4-12
510,model4-12,RNN_Gen4,QNet,QNetRNN,0,3,RNN_Gen4
511,model4-12,RNN_Gen4,QNet,QNetRNN,3,0,model4-12
512,model4-12,RNN_Gen4,QNet,QNetRNN,0,3,RNN_Gen4
513,model4-12,RNN_Gen4,QNet,QNetRNN,2,3,RNN_Gen4
514,model4-12,RNN_Gen4,QNet,QNetRNN,3,0,model4-12
515,model4-12,RNN_Gen4,QNet,QNetRNN,3,0,model4-12
516,model4-12,RNN_Gen4,QNet,QNetRNN,0,3,RNN_Gen4
517,model4-12,RNN_Gen4,QNet,QNetRNN,0,3,RNN_Gen4
518,model4-12,RNN_Gen4,QNet,QNetRNN,3,2,model4-12
519,model4-12,RNN_Gen4,QNet,QNetRNN,3,2,model4-12
520,model4-12,RNN_Gen4,QNet,QNetRNN,0,3,RNN_Gen4
521,model4-12,RNN_Gen4,QNet,QNetRNN,3,0,model4-12
522,model4-12,RNN_Gen4,QNet,QNetRNN,3,0,model4-12
523,model4-12,RNN_Gen4,QNet,QNetRNN,3,1,model4-12
524,model4-12,RNN_Gen4,QNet,QNetRNN,3,0,model4-12
525,model4-12,RNN_Gen4,QNet,QNetRNN,3,0,model4-12
526,model4-12,RNN_Gen4,QNet,QNetRNN,3,0,model4-12
527,model4-12,RNN_Gen4,QNet,QNetRNN,3,0,model4-12
528,model4-12,RNN_Gen4,QNet,QNetRNN,3,0,model4-12
529,model4-12,RNN_Gen4,QNet,QNetRNN,3,0,model4-12
530,model4-12,RNN_Gen4,QNet,QNetRNN,3,0,model4-12
531,model4-12,RNN_Gen4,QNet,QNetRNN,3,0,model4-12
532,model4-12,RNN_Gen4,QNet,QNetRNN,3,0,model4-12
533,model4-12,RNN_Gen4,QNet,QNetRNN,3,0,model4-12
534,model4-12,RNN_Gen4,QNet,QNetRNN,3,0,model4-12
535,model4-12,RNN_Gen4,QNet,QNetRNN,0,3,RNN_Gen4
536,model4-12,RNN_Gen4,QNet,QNetRNN,3,0,model4-12
537,model4-12,RNN_Gen4,QNet,QNetRNN,3,0,model4-12
538,model4-12,RNN_Gen4,QNet,QNetRNN,3,0,model4-12
539,model4-12,RNN_Gen4,QNet,QNetRNN,1,3,RNN_Gen4
540,model4-12,RNN_Gen4,QNet,QNetRNN,3,0,model4-12
541,model4-12,RNN_Gen4,QNet,QNetRNN,3,0,model4-12
542,model4-12,RNN_Gen4,QNet,QNetRNN,1,3,RNN_Gen4
543,model4-12,RNN_Gen4,QNet,QNetRNN,3,0,model4-12
544,model4-12,RNN_Gen4,QNet,QNetRNN,3,0,model4-12
545,model4-12,RNN_Gen4,QNet,QNetRNN,0,3,RNN_Gen4
546,model4-12,RNN_Gen4,QNet,QNetRNN,0,3,RNN_Gen4
547,model4-12,RNN_Gen4,QNet,QNetRNN,0,3,RNN_Gen4
548,model4-12,RNN_Gen4,QNet,QNetRNN,3,0,model4-12
549,model4-12,RNN_Gen4,QNet,QNetRNN,3,0,model4-12
550,model4-12,RNN_Gen4,QNet,QNetRNN,2,3,RNN_Gen4
551,model4-12,RNN_Gen4,QNet,QNetRNN,3,0,model4-12
552,model4-12,RNN_Gen4,QNet,QNetRNN,3,0,model4-12
553,model4-12,RNN_Gen4,QNet,QNetRNN,3,0,model4-12
554,model4-12,RNN_Gen4,QNet,QNetRNN,0,3,RNN_Gen4
555,model4-12,RNN_Gen4,QNet,QNetRNN,1,3,RNN_Gen4
556,model4-12,RNN_Gen4,QNet,QNetRNN,1,3,RNN_Gen4
557,model4-12,RNN_Gen4,QNet,QNetRNN,0,3,RNN_Gen4
558,model4-12,RNN_Gen4,QNet,QNetRNN,3,0,model4-12
559,model4-12,RNN_Gen4,QNet,QNetRNN,3,0,model4-12
560,model4-12,RNN_Gen4,QNet,QNetRNN,1,3,RNN_Gen4
561,model4-12,RNN_Gen4,QNet,QNetRNN,3,0,model4-12
562,model4-12,RNN_Gen4,QNet,QNetRNN,3,0,model4-12
563,model4-12,RNN_Gen4,QNet,QNetRNN,3,0,model4-12
564,model4-12,RNN_Gen4,QNet,QNetRNN,3,0,model4-12
565,model4-12,RNN_Gen4,QNet,QNetRNN,3,0,model4-12
566,model4-12,RNN_Gen4,QNet,QNetRNN,0,3,RNN_Gen4
567,model4-12,RNN_Gen4,QNet,QNetRNN,3,0,model4-12
568,model4-12,RNN_Gen4,QNet,QNetRNN,3,0,model4-12
569,model4-12,RNN_Gen4,QNet,QNetRNN,2,3,RNN_Gen4
570,model4-12,RNN_Gen4,QNet,QNetRNN,0,3,RNN_Gen4
571,model4-12,RNN_Gen4,QNet,QNetRNN,3,1,model4-12
572,model4-12,RNN_Gen4,QNet,QNetRNN,1,3,RNN_Gen4
573,model4-12,RNN_Gen4,QNet,QNetRNN,2,3,RNN_Gen4
574,model4-12,RNN_Gen4,QNet,QNetRNN,0,3,RNN_Gen4
575,model4-12,RNN_Gen4,QNet,QNetRNN,1,3,RNN_Gen4
576,model4-12,RNN_Gen4,QNet,QNetRNN,0,3,RNN_Gen4
577,model4-12,RNN_Gen4,QNet,QNetRNN,3,0,model4-12
578,model4-12,RNN_Gen4,QNet,QNetRNN,3,0,model4-12
579,model4-12,RNN_Gen4,QNet,QNetRNN,3,0,model4-12
580,model4-12,RNN_Gen4,QNet,QNetRNN,0,3,RNN_Gen4
581,model4-12,RNN_Gen4,QNet,QNetRNN,0,3,RNN_Gen4
582,model4-12,RNN_Gen4,QNet,QNetRNN,3,0,model4-12
583,model4-12,RNN_Gen4,QNet,QNetRNN,0,3,RNN_Gen4
584,model4-12,RNN_Gen4,QNet,QNetRNN,3,0,model4-12
585,model4-12,RNN_Gen4,QNet,QNetRNN,3,0,model4-12
586,model4-12,RNN_Gen4,QNet,QNetRNN,3,0,model4-12
587,model4-12,RNN_Gen4,QNet,QNetRNN,3,0,model4-12
588,model4-12,RNN_Gen4,QNet,QNetRNN,2,3,RNN_Gen4
589,model4-12,RNN_Gen4,QNet,QNetRNN,0,3,RNN_Gen4
590,model4-12,RNN_Gen4,QNet,QNetRNN,3,0,model4-12
591,model4-12,RNN_Gen4,QNet,QNetRNN,3,0,model4-12
592,model4-12,RNN_Gen4,QNet,QNetRNN,1,3,RNN_Gen4
593,model4-12,RNN_Gen4,QNet,QNetRNN,3,0,model4-12
594,model4-12,RNN_Gen4,QNet,QNetRNN,0,3,RNN_Gen4
595,model4-12,RNN_Gen4,QNet,QNetRNN,0,3,RNN_Gen4
596,model4-12,RNN_Gen4,QNet,QNetRNN,3,2,model4-12
597,model4-12,RNN_Gen4,QNet,QNetRNN,0,3,RNN_Gen4
598,model4-12,RNN_Gen4,QNet,QNetRNN,0,3,RNN_Gen4
599,model4-12,RNN_Gen4,QNet,QNetRNN,3,0,model4-12
600,model4-12,RNN_Gen4,QNet,QNetRNN,1,3,RNN_Gen4
601,model4-12,RNN_Gen4,QNet,QNetRNN,3,0,model4-12
602,model4-12,RNN_Gen4,QNet,QNetRNN,2,3,RNN_Gen4
603,model4-12,RNN_Gen4,QNet,QNetRNN,0,3,RNN_Gen4
604,model4-12,RNN_Gen4,QNet,QNetRNN,3,0,model4-12
605,model4-12,RNN_Gen4,QNet,QNetRNN,0,3,RNN_Gen4
606,model4-12,RNN_Gen4,QNet,QNetRNN,2,3,RNN_Gen4
607,model4-12,RNN_Gen4,QNet,QNetRNN,3,0,model4-12
608,model4-12,RNN_Gen4,QNet,QNetRNN,0,3,RNN_Gen4
609,model4-12,RNN_Gen4,QNet,QNetRNN,3,0,model4-12
610,model4-12,RNN_Gen4,QNet,QNetRNN,3,0,model4-12
611,model4-12,RNN_Gen4,QNet,QNetRNN,3,0,model4-12
612,model4-12,RNN_Gen4,QNet,QNetRNN,3,0,model4-12
613,model4-12,RNN_Gen4,QNet,QNetRNN,0,3,RNN_Gen4
614,model4-12,RNN_Gen4,QNet,QNetRNN,1,3,RNN_Gen4
615,model4-12,RNN_Gen4,QNet,QNetRNN,3,0,model4-12
616,model4-12,RNN_Gen4,QNet,QNetRNN,3,0,model4-12
617,model4-12,RNN_Gen4,QNet,QNetRNN,3,0,model4-12
618,model4-12,RNN_Gen4,QNet,QNetRNN,0,3,RNN_Gen4
619,model4-12,RNN_Gen4,QNet,QNetRNN,3,0,model4-12
620,model4-12,RNN_Gen4,QNet,QNetRNN,0,3,RNN_Gen4
621,model4-12,RNN_Gen4,QNet,QNetRNN,2,3,RNN_Gen4
622,model4-12,RNN_Gen4,QNet,QNetRNN,3,0,model4-12
623,model4-12,RNN_Gen4,QNet,QNetRNN,0,3,RNN_Gen4
624,model4-12,RNN_Gen4,QNet,QNetRNN,3,0,model4-12
625,model4-12,RNN_Gen4,QNet,QNetRNN,0,3,RNN_Gen4
626,model4-12,RNN_Gen4,QNet,QNetRNN,3,0,model4-12
627,model4-12,RNN_Gen4,QNet,QNetRNN,3,0,model4-12
628,model4-12,RNN_Gen4,QNet,QNetRNN,3,0,model4-12
629,model4-12,RNN_Gen4,QNet,QNetRNN,3,0,model4-12
630,model4-12,RNN_Gen4,QNet,QNetRNN,0,3,RNN_Gen4
631,model4-12,RNN_Gen4,QNet,QNetRNN,0,3,RNN_Gen4
632,model4-12,RNN_Gen4,QNet,QNetRNN,3,0,model4-12
633,model4-12,RNN_Gen4,QNet,QNetRNN,1,3,RNN_Gen4
634,model4-12,RNN_Gen4,QNet,QNetRNN,0,3,RNN_Gen4
635,model4-12,RNN_Gen4,QNet,QNetRNN,3,0,model4-12
636,model4-12,RNN_Gen4,QNet,QNetRNN,3,0,model4-12
637,model4-12,RNN_Gen4,QNet,QNetRNN,3,0,model4-12
638,model4-12,RNN_Gen4,QNet,QNetRNN,0,3,RNN_Gen4
639,model4-12,RNN_Gen4,QNet,QNetRNN,3,0,model4-12
640,model4-12,RNN_Gen4,QNet,QNetRNN,1,3,RNN_Gen4
641,model4-12,RNN_Gen4,QNet,QNetRNN,0,3,RNN_Gen4
642,model4-12,RNN_Gen4,QNet,QNetRNN,0,3,RNN_Gen4
643,model4-12,RNN_Gen4,QNet,QNetRNN,0,3,RNN_Gen4
644,model4-12,RNN_Gen4,QNet,QNetRNN,3,0,model4-12
645,model4-12,RNN_Gen4,QNet,QNetRNN,3,0,model4-12
646,model4-12,RNN_Gen4,QNet,QNetRNN,3,1,model4-12
647,model4-12,RNN_Gen4,QNet,QNetRNN,0,3,RNN_Gen4
648,model4-12,RNN_Gen4,QNet,QNetRNN,3,0,model4-12
649,model4-12,RNN_Gen4,QNet,QNetRNN,3,0,model4-12
650,model4-12,RNN_Gen4,QNet,QNetRNN,1,3,RNN_Gen4
651,model4-12,RNN_Gen4,QNet,QNetRNN,3,0,model4-12
652,model4-12,RNN_Gen4,QNet,QNetRNN,3,0,model4-12
653,model4-12,RNN_Gen4,QNet,QNetRNN,3,0,model4-12
654,model4-12,RNN_Gen4,QNet,QNetRNN,0,3,RNN_Gen4
655,model4-12,RNN_Gen4,QNet,QNetRNN,3,0,model4-12
656,model4-12,RNN_Gen4,QNet,QNetRNN,0,3,RNN_Gen4
657,model4-12,RNN_Gen4,QNet,QNetRNN,3,0,model4-12
658,model4-12,RNN_Gen4,QNet,QNetRNN,3,0,model4-12
659,model4-12,RNN_Gen4,QNet,QNetRNN,3,0,model4-12
660,model4-12,RNN_Gen4,QNet,QNetRNN,0,3,RNN_Gen4
661,model4-12,RNN_Gen4,QNet,QNetRNN,1,3,RNN_Gen4
662,model4-12,RNN_Gen4,QNet,QNetRNN,3,0,model4-12
663,model4-12,RNN_Gen4,QNet,QNetRNN,0,3,RNN_Gen4
664,model4-12,RNN_Gen4,QNet,QNetRNN,3,0,model4-12
665,model4-12,RNN_Gen4,QNet,QNetRNN,0,3,RNN_Gen4
666,model4-12,RNN_Gen4,QNet,QNetRNN,3,2,model4-12
667,model4-12,RNN_Gen4,QNet,QNetRNN,3,0,model4-12
668,model4-12,RNN_Gen4,QNet,QNetRNN,3,0,model4-12
669,model4-12,RNN_Gen4,QNet,QNetRNN,3,0,model4-12
670,model4-12,RNN_Gen4,QNet,QNetRNN,3,0,model4-12
671,model4-12,RNN_Gen4,QNet,QNetRNN,1,3,RNN_Gen4
672,model4-12,RNN_Gen4,QNet,QNetRNN,0,3,RNN_Gen4
673,model4-12,RNN_Gen4,QNet,QNetRNN,3,0,model4-12
674,model4-12,RNN_Gen4,QNet,QNetRNN,3,0,model4-12
675,model4-12,RNN_Gen4,QNet,QNetRNN,0,3,RNN_Gen4
676,model4-12,RNN_Gen4,QNet,QNetRNN,0,3,RNN_Gen4
677,model4-12,RNN_Gen4,QNet,QNetRNN,3,0,model4-12
678,model4-12,RNN_Gen4,QNet,QNetRNN,3,0,model4-12
679,model4-12,RNN_Gen4,QNet,QNetRNN,3,0,model4-12
680,model4-12,RNN_Gen4,QNet,QNetRNN,0,3,RNN_Gen4
681,model4-12,RNN_Gen4,QNet,QNetRNN,0,3,RNN_Gen4
682,model4-12,RNN_Gen4,QNet,QNetRNN,2,3,RNN_Gen4
683,model4-12,RNN_Gen4,QNet,QNetRNN,1,3,RNN_Gen4
684,model4-12,RNN_Gen4,QNet,QNetRNN,0,3,RNN_Gen4
685,model4-12,RNN_Gen4,QNet,QNetRNN,0,3,RNN_Gen4
686,model4-12,RNN_Gen4,QNet,QNetRNN,3,0,model4-12
687,model4-12,RNN_Gen4,QNet,QNetRNN,3,0,model4-12
688,model4-12,RNN_Gen4,QNet,QNetRNN,3,0,model4-12
689,model4-12,RNN_Gen4,QNet,QNetRNN,0,3,RNN_Gen4
690,model4-12,RNN_Gen4,QNet,QNetRNN,0,3,RNN_Gen4
691,model4-12,RNN_Gen4,QNet,QNetRNN,3,0,model4-12
692,model4-12,RNN_Gen4,QNet,QNetRNN,0,3,RNN_Gen4
693,model4-12,RNN_Gen4,QNet,QNetRNN,1,3,RNN_Gen4
694,model4-12,RNN_Gen4,QNet,QNetRNN,0,3,RNN_Gen4
695,model4-12,RNN_Gen4,QNet,QNetRNN,3,2,model4-12
696,model4-12,RNN_Gen4,QNet,QNetRNN,0,3,RNN_Gen4
697,model4-12,RNN_Gen4,QNet,QNetRNN,3,0,model4-12
698,model4-12,RNN_Gen4,QNet,QNetRNN,3,0,model4-12
699,model4-12,RNN_Gen4,QNet,QNetRNN,3,0,model4-12
700,model4-12,RNN_Gen4,QNet,QNetRNN,0,3,RNN_Gen4
701,model4-12,RNN_Gen4,QNet,QNetRNN,1,3,RNN_Gen4
702,model4-12,RNN_Gen4,QNet,QNetRNN,3,0,model4-12
703,model4-12,RNN_Gen4,QNet,QNetRNN,2,3,RNN_Gen4
704,model4-12,RNN_Gen4,QNet,QNetRNN,3,0,model4-12
705,model4-12,RNN_Gen4,QNet,QNetRNN,0,3,RNN_Gen4
706,model4-12,RNN_Gen4,QNet,QNetRNN,0,3,RNN_Gen4
707,model4-12,RNN_Gen4,QNet,QNetRNN,0,3,RNN_Gen4
708,model4-12,RNN_Gen4,QNet,QNetRNN,0,3,RNN_Gen4
709,model4-12,RNN_Gen4,QNet,QNetRNN,2,3,RNN_Gen4
710,model4-12,RNN_Gen4,QNet,QNetRNN,0,3,RNN_Gen4
711,model4-12,RNN_Gen4,QNet,QNetRNN,3,0,model4-12
712,model4-12,RNN_Gen4,QNet,QNetRNN,0,3,RNN_Gen4
713,model4-12,RNN_Gen4,QNet,QNetRNN,3,0,model4-12
714,model4-12,RNN_Gen4,QNet,QNetRNN,3,0,model4-12
715,model4-12,RNN_Gen4,QNet,QNetRNN,3,0,model4-12
716,model4-12,RNN_Gen4,QNet,QNetRNN,3,0,model4-12
717,model4-12,RNN_Gen4,QNet,QNetRNN,0,3,RNN_Gen4
718,model4-12,RNN_Gen4,QNet,QNetRNN,2,3,RNN_Gen4
719,model4-12,RNN_Gen4,QNet,QNetRNN,3,0,model4-12
720,model4-12,RNN_Gen4,QNet,QNetRNN,3,0,model4-12
721,model4-12,RNN_Gen4,QNet,QNetRNN,3,2,model4-12
722,model4-12,RNN_Gen4,QNet,QNetRNN,0,3,RNN_Gen4
723,model4-12,RNN_Gen4,QNet,QNetRNN,1,3,RNN_Gen4
724,model4-12,RNN_Gen4,QNet,QNetRNN,3,0,model4-12
725,model4-12,RNN_Gen4,QNet,QNetRNN,0,3,RNN_Gen4
726,model4-12,RNN_Gen4,QNet,QNetRNN,3,1,model4-12
727,model4-12,RNN_Gen4,QNet,QNetRNN,3,0,model4-12
728,model4-12,RNN_Gen4,QNet,QNetRNN,3,0,model4-12
729,model4-12,RNN_Gen4,QNet,QNetRNN,3,0,model4-12
730,model4-12,RNN_Gen4,QNet,QNetRNN,0,3,RNN_Gen4
731,model4-12,RNN_Gen4,QNet,QNetRNN,1,3,RNN_Gen4
732,model4-12,RNN_Gen4,QNet,QNetRNN,2,3,RNN_Gen4
733,model4-12,RNN_Gen4,QNet,QNetRNN,2,3,RNN_Gen4
734,model4-12,RNN_Gen4,QNet,QNetRNN,1,3,RNN_Gen4
735,model4-12,RNN_Gen4,QNet,QNetRNN,0,3,RNN_Gen4
736,model4-12,RNN_Gen4,QNet,QNetRNN,2,3,RNN_Gen4
737,model4-12,RNN_Gen4,QNet,QNetRNN,3,0,model4-12
738,model4-12,RNN_Gen4,QNet,QNetRNN,1,3,RNN_Gen4
739,model4-12,RNN_Gen4,QNet,QNetRNN,3,0,model4-12
740,model4-12,RNN_Gen4,QNet,QNetRNN,0,3,RNN_Gen4
741,model4-12,RNN_Gen4,QNet,QNetRNN,3,0,model4-12
742,model4-12,RNN_Gen4,QNet,QNetRNN,3,0,model4-12
743,model4-12,RNN_Gen4,QNet,QNetRNN,3,0,model4-12
744,model4-12,RNN_Gen4,QNet,QNetRNN,3,1,model4-12
745,model4-12,RNN_Gen4,QNet,QNetRNN,3,0,model4-12
746,model4-12,RNN_Gen4,QNet,QNetRNN,0,3,RNN_Gen4
747,model4-12,RNN_Gen4,QNet,QNetRNN,0,3,RNN_Gen4
748,model4-12,RNN_Gen4,QNet,QNetRNN,3,0,model4-12
749,model4-12,RNN_Gen4,QNet,QNetRNN,0,3,RNN_Gen4
750,model4-12,RNN_Gen4,QNet,QNetRNN,0,3,RNN_Gen4
751,model4-12,RNN_Gen4,QNet,QNetRNN,3,0,model4-12
752,model4-12,RNN_Gen4,QNet,QNetRNN,0,3,RNN_Gen4
753,model4-12,RNN_Gen4,QNet,QNetRNN,1,3,RNN_Gen4
754,model4-12,RNN_Gen4,QNet,QNetRNN,3,0,model4-12
755,model4-12,RNN_Gen4,QNet,QNetRNN,3,0,model4-12
756,model4-12,RNN_Gen4,QNet,QNetRNN,3,2,model4-12
757,model4-12,RNN_Gen4,QNet,QNetRNN,3,0,model4-12
758,model4-12,RNN_Gen4,QNet,QNetRNN,0,3,RNN_Gen4
759,model4-12,RNN_Gen4,QNet,QNetRNN,3,0,model4-12
760,model4-12,RNN_Gen4,QNet,QNetRNN,1,3,RNN_Gen4
761,model4-12,RNN_Gen4,QNet,QNetRNN,3,2,model4-12
762,model4-12,RNN_Gen4,QNet,QNetRNN,3,0,model4-12
763,model4-12,RNN_Gen4,QNet,QNetRNN,0,3,RNN_Gen4
764,model4-12,RNN_Gen4,QNet,QNetRNN,2,3,RNN_Gen4
765,model4-12,RNN_Gen4,QNet,QNetRNN,3,0,model4-12
766,model4-12,RNN_Gen4,QNet,QNetRNN,3,0,model4-12
767,model4-12,RNN_Gen4,QNet,QNetRNN,3,0,model4-12
768,model4-12,RNN_Gen4,QNet,QNetRNN,3,1,model4-12
769,model4-12,RNN_Gen4,QNet,QNetRNN,0,3,RNN_Gen4
770,model4-12,RNN_Gen4,QNet,QNetRNN,0,3,RNN_Gen4
771,model4-12,RNN_Gen4,QNet,QNetRNN,3,1,model4-12
772,model4-12,RNN_Gen4,QNet,QNetRNN,3,0,model4-12
773,model4-12,RNN_Gen4,QNet,QNetRNN,3,0,model4-12
774,model4-12,RNN_Gen4,QNet,QNetRNN,0,3,RNN_Gen4
775,model4-12,RNN_Gen4,QNet,QNetRNN,0,3,RNN_Gen4
776,model4-12,RNN_Gen4,QNet,QNetRNN,2,3,RNN_Gen4
777,model4-12,RNN_Gen4,QNet,QNetRNN,3,0,model4-12
778,model4-12,RNN_Gen4,QNet,QNetRNN,2,3,RNN_Gen4
779,model4-12,RNN_Gen4,QNet,QNetRNN,0,3,RNN_Gen4
780,model4-12,RNN_Gen4,QNet,QNetRNN,0,3,RNN_Gen4
781,model4-12,RNN_Gen4,QNet,QNetRNN,0,3,RNN_Gen4
782,model4-12,RNN_Gen4,QNet,QNetRNN,1,3,RNN_Gen4
783,model4-12,RNN_Gen4,QNet,QNetRNN,3,0,model4-12
784,model4-12,RNN_Gen4,QNet,QNetRNN,3,0,model4-12
785,model4-12,RNN_Gen4,QNet,QNetRNN,3,0,model4-12
786,model4-12,RNN_Gen4,QNet,QNetRNN,0,3,RNN_Gen4
787,model4-12,RNN_Gen4,QNet,QNetRNN,0,3,RNN_Gen4
788,model4-12,RNN_Gen4,QNet,QNetRNN,3,0,model4-12
789,model4-12,RNN_Gen4,QNet,QNetRNN,3,0,model4-12
790,model4-12,RNN_Gen4,QNet,QNetRNN,0,3,RNN_Gen4
791,model4-12,RNN_Gen4,QNet,QNetRNN,0,3,RNN_Gen4
792,model4-12,RNN_Gen4,QNet,QNetRNN,3,0,model4-12
793,model4-12,RNN_Gen4,QNet,QNetRNN,2,3,RNN_Gen4
794,model4-12,RNN_Gen4,QNet,QNetRNN,2,3,RNN_Gen4
795,model4-12,RNN_Gen4,QNet,QNetRNN,3,0,model4-12
796,model4-12,RNN_Gen4,QNet,QNetRNN,3,0,model4-12
797,model4-12,RNN_Gen4,QNet,QNetRNN,3,0,model4-12
798,model4-12,RNN_Gen4,QNet,QNetRNN,3,0,model4-12
799,model4-12,RNN_Gen4,QNet,QNetRNN,2,3,RNN_Gen4
800,model4-12,RNN_Gen4,QNet,QNetRNN,3,0,model4-12
801,model4-12,RNN_Gen4,QNet,QNetRNN,3,0,model4-12
802,model4-12,RNN_Gen4,QNet,QNetRNN,3,0,model4-12
803,model4-12,RNN_Gen4,QNet,QNetRNN,3,0,model4-12
804,model4-12,RNN_Gen4,QNet,QNetRNN,3,0,model4-12
805,model4-12,RNN_Gen4,QNet,QNetRNN,1,3,RNN_Gen4
806,model4-12,RNN_Gen4,QNet,QNetRNN,3,1,model4-12
807,model4-12,RNN_Gen4,QNet,QNetRNN,3,0,model4-12
808,model4-12,RNN_Gen4,QNet,QNetRNN,0,3,RNN_Gen4
809,model4-12,RNN_Gen4,QNet,QNetRNN,3,0,model4-12
810,model4-12,RNN_Gen4,QNet,QNetRNN,0,3,RNN_Gen4
811,model4-12,RNN_Gen4,QNet,QNetRNN,0,3,RNN_Gen4
812,model4-12,RNN_Gen4,QNet,QNetRNN,3,2,model4-12
813,model4-12,RNN_Gen4,QNet,QNetRNN,2,3,RNN_Gen4
814,model4-12,RNN_Gen4,QNet,QNetRNN,3,0,model4-12
815,model4-12,RNN_Gen4,QNet,QNetRNN,3,0,model4-12
816,model4-12,RNN_Gen4,QNet,QNetRNN,3,0,model4-12
817,model4-12,RNN_Gen4,QNet,QNetRNN,0,3,RNN_Gen4
818,model4-12,RNN_Gen4,QNet,QNetRNN,1,3,RNN_Gen4
819,model4-12,RNN_Gen4,QNet,QNetRNN,0,3,RNN_Gen4
820,model4-12,RNN_Gen4,QNet,QNetRNN,3,0,model4-12
821,model4-12,RNN_Gen4,QNet,QNetRNN,3,2,model4-12
822,model4-12,RNN_Gen4,QNet,QNetRNN,3,1,model4-12
823,model4-12,RNN_Gen4,QNet,QNetRNN,0,3,RNN_Gen4
824,model4-12,RNN_Gen4,QNet,QNetRNN,3,0,model4-12
825,model4-12,RNN_Gen4,QNet,QNetRNN,0,3,RNN_Gen4
826,model4-12,RNN_Gen4,QNet,QNetRNN,0,3,RNN_Gen4
827,model4-12,RNN_Gen4,QNet,QNetRNN,2,3,RNN_Gen4
828,model4-12,RNN_Gen4,QNet,QNetRNN,0,3,RNN_Gen4
829,model4-12,RNN_Gen4,QNet,QNetRNN,3,0,model4-12
830,model4-12,RNN_Gen4,QNet,QNetRNN,3,0,model4-12
831,model4-12,RNN_Gen4,QNet,QNetRNN,0,3,RNN_Gen4
832,model4-12,RNN_Gen4,QNet,QNetRNN,3,2,model4-12
833,model4-12,RNN_Gen4,QNet,QNetRNN,3,1,model4-12
834,model4-12,RNN_Gen4,QNet,QNetRNN,3,0,model4-12
835,model4-12,RNN_Gen4,QNet,QNetRNN,3,2,model4-12
836,model4-12,RNN_Gen4,QNet,QNetRNN,3,0,model4-12
837,model4-12,RNN_Gen4,QNet,QNetRNN,0,3,RNN_Gen4
838,model4-12,RNN_Gen4,QNet,QNetRNN,0,3,RNN_Gen4
839,model4-12,RNN_Gen4,QNet,QNetRNN,1,3,RNN_Gen4
840,model4-12,RNN_Gen4,QNet,QNetRNN,2,3,RNN_Gen4
841,model4-12,RNN_Gen4,QNet,QNetRNN,2,3,RNN_Gen4
842,model4-12,RNN_Gen4,QNet,QNetRNN,0,3,RNN_Gen4
843,model4-12,RNN_Gen4,QNet,QNetRNN,0,3,RNN_Gen4
844,model4-12,RNN_Gen4,QNet,QNetRNN,0,3,RNN_Gen4
845,model4-12,RNN_Gen4,QNet,QNetRNN,3,0,model4-12
846,model4-12,RNN_Gen4,QNet,QNetRNN,3,0,model4-12
847,model4-12,RNN_Gen4,QNet,QNetRNN,3,0,model4-12
848,model4-12,RNN_Gen4,QNet,QNetRNN,0,3,RNN_Gen4
849,model4-12,RNN_Gen4,QNet,QNetRNN,3,0,model4-12
850,model4-12,RNN_Gen4,QNet,QNetRNN,0,3,RNN_Gen4
851,model4-12,RNN_Gen4,QNet,QNetRNN,3,0,model4-12
852,model4-12,RNN_Gen4,QNet,QNetRNN,3,0,model4-12
853,model4-12,RNN_Gen4,QNet,QNetRNN,3,1,model4-12
854,model4-12,RNN_Gen4,QNet,QNetRNN,3,0,model4-12
855,model4-12,RNN_Gen4,QNet,QNetRNN,3,0,model4-12
856,model4-12,RNN_Gen4,QNet,QNetRNN,0,3,RNN_Gen4
857,model4-12,RNN_Gen4,QNet,QNetRNN,0,3,RNN_Gen4
858,model4-12,RNN_Gen4,QNet,QNetRNN,3,0,model4-12
859,model4-12,RNN_Gen4,QNet,QNetRNN,3,0,model4-12
860,model4-12,RNN_Gen4,QNet,QNetRNN,0,3,RNN_Gen4
861,model4-12,RNN_Gen4,QNet,QNetRNN,0,3,RNN_Gen4
862,model4-12,RNN_Gen4,QNet,QNetRNN,1,3,RNN_Gen4
863,model4-12,RNN_Gen4,QNet,QNetRNN,3,0,model4-12
864,model4-12,RNN_Gen4,QNet,QNetRNN,2,3,RNN_Gen4
865,model4-12,RNN_Gen4,QNet,QNetRNN,3,0,model4-12
866,model4-12,RNN_Gen4,QNet,QNetRNN,3,0,model4-12
867,model4-12,RNN_Gen4,QNet,QNetRNN,0,3,RNN_Gen4
868,model4-12,RNN_Gen4,QNet,QNetRNN,0,3,RNN_Gen4
869,model4-12,RNN_Gen4,QNet,QNetRNN,3,2,model4-12
870,model4-12,RNN_Gen4,QNet,QNetRNN,1,3,RNN_Gen4
871,model4-12,RNN_Gen4,QNet,QNetRNN,3,0,model4-12
872,model4-12,RNN_Gen4,QNet,QNetRNN,1,3,RNN_Gen4
873,model4-12,RNN_Gen4,QNet,QNetRNN,3,0,model4-12
874,model4-12,RNN_Gen4,QNet,QNetRNN,0,3,RNN_Gen4
875,model4-12,RNN_Gen4,QNet,QNetRNN,1,3,RNN_Gen4
876,model4-12,RNN_Gen4,QNet,QNetRNN,1,3,RNN_Gen4
877,model4-12,RNN_Gen4,QNet,QNetRNN,0,3,RNN_Gen4
878,model4-12,RNN_Gen4,QNet,QNetRNN,1,3,RNN_Gen4
879,model4-12,RNN_Gen4,QNet,QNetRNN,0,3,RNN_Gen4
880,model4-12,RNN_Gen4,QNet,QNetRNN,3,0,model4-12
881,model4-12,RNN_Gen4,QNet,QNetRNN,0,3,RNN_Gen4
882,model4-12,RNN_Gen4,QNet,QNetRNN,3,0,model4-12
883,model4-12,RNN_Gen4,QNet,QNetRNN,3,0,model4-12
884,model4-12,RNN_Gen4,QNet,QNetRNN,3,0,model4-12
885,model4-12,RNN_Gen4,QNet,QNetRNN,3,0,model4-12
886,model4-12,RNN_Gen4,QNet,QNetRNN,3,0,model4-12
887,model4-12,RNN_Gen4,QNet,QNetRNN,3,0,model4-12
888,model4-12,RNN_Gen4,QNet,QNetRNN,1,3,RNN_Gen4
889,model4-12,RNN_Gen4,QNet,QNetRNN,3,0,model4-12
890,model4-12,RNN_Gen4,QNet,QNetRNN,3,0,model4-12
891,model4-12,RNN_Gen4,QNet,QNetRNN,3,0,model4-12
892,model4-12,RNN_Gen4,QNet,QNetRNN,1,3,RNN_Gen4
893,model4-12,RNN_Gen4,QNet,QNetRNN,0,3,RNN_Gen4
894,model4-12,RNN_Gen4,QNet,QNetRNN,0,3,RNN_Gen4
895,model4-12,RNN_Gen4,QNet,QNetRNN,3,0,model4-12
896,model4-12,RNN_Gen4,QNet,QNetRNN,0,3,RNN_Gen4
897,model4-12,RNN_Gen4,QNet,QNetRNN,3,0,model4-12
898,model4-12,RNN_Gen4,QNet,QNetRNN,3,0,model4-12
899,model4-12,RNN_Gen4,QNet,QNetRNN,2,3,RNN_Gen4
900,model4-12,RNN_Gen4,QNet,QNetRNN,3,0,model4-12
901,model4-12,RNN_Gen4,QNet,QNetRNN,3,0,model4-12
902,model4-12,RNN_Gen4,QNet,QNetRNN,3,2,model4-12
903,model4-12,RNN_Gen4,QNet,QNetRNN,1,3,RNN_Gen4
904,model4-12,RNN_Gen4,QNet,QNetRNN,3,0,model4-12
905,model4-12,RNN_Gen4,QNet,QNetRNN,3,0,model4-12
906,model4-12,RNN_Gen4,QNet,QNetRNN,3,0,model4-12
907,model4-12,RNN_Gen4,QNet,QNetRNN,1,3,RNN_Gen4
908,model4-12,RNN_Gen4,QNet,QNetRNN,0,3,RNN_Gen4
909,model4-12,RNN_Gen4,QNet,QNetRNN,1,3,RNN_Gen4
910,model4-12,RNN_Gen4,QNet,QNetRNN,0,3,RNN_Gen4
911,model4-12,RNN_Gen4,QNet,QNetRNN,3,0,model4-12
912,model4-12,RNN_Gen4,QNet,QNetRNN,3,0,model4-12
913,model4-12,RNN_Gen4,QNet,QNetRNN,3,0,model4-12
914,model4-12,RNN_Gen4,QNet,QNetRNN,3,0,model4-12
915,model4-12,RNN_Gen4,QNet,QNetRNN,0,3,RNN_Gen4
916,model4-12,RNN_Gen4,QNet,QNetRNN,0,3,RNN_Gen4
917,model4-12,RNN_Gen4,QNet,QNetRNN,0,3,RNN_Gen4
918,model4-12,RNN_Gen4,QNet,QNetRNN,3,0,model4-12
919,model4-12,RNN_Gen4,QNet,QNetRNN,3,0,model4-12
920,model4-12,RNN_Gen4,QNet,QNetRNN,3,1,model4-12
921,model4-12,RNN_Gen4,QNet,QNetRNN,3,0,model4-12
922,model4-12,RNN_Gen4,QNet,QNetRNN,3,0,model4-12
923,model4-12,RNN_Gen4,QNet,QNetRNN,1,3,RNN_Gen4
924,model4-12,RNN_Gen4,QNet,QNetRNN,3,0,model4-12
925,model4-12,RNN_Gen4,QNet,QNetRNN,0,3,RNN_Gen4
926,model4-12,RNN_Gen4,QNet,QNetRNN,3,0,model4-12
927,model4-12,RNN_Gen4,QNet,QNetRNN,2,3,RNN_Gen4
928,model4-12,RNN_Gen4,QNet,QNetRNN,3,0,model4-12
929,model4-12,RNN_Gen4,QNet,QNetRNN,3,1,model4-12
930,model4-12,RNN_Gen4,QNet,QNetRNN,2,3,RNN_Gen4
931,model4-12,RNN_Gen4,QNet,QNetRNN,3,0,model4-12
932,model4-12,RNN_Gen4,QNet,QNetRNN,0,3,RNN_Gen4
933,model4-12,RNN_Gen4,QNet,QNetRNN,0,3,RNN_Gen4
934,model4-12,RNN_Gen4,QNet,QNetRNN,3,0,model4-12
935,model4-12,RNN_Gen4,QNet,QNetRNN,0,3,RNN_Gen4
936,model4-12,RNN_Gen4,QNet,QNetRNN,1,3,RNN_Gen4
937,model4-12,RNN_Gen4,QNet,QNetRNN,3,0,model4-12
938,model4-12,RNN_Gen4,QNet,QNetRNN,0,3,RNN_Gen4
939,model4-12,RNN_Gen4,QNet,QNetRNN,3,0,model4-12
940,model4-12,RNN_Gen4,QNet,QNetRNN,3,0,model4-12
941,model4-12,RNN_Gen4,QNet,QNetRNN,3,0,model4-12
942,model4-12,RNN_Gen4,QNet,QNetRNN,2,3,RNN_Gen4
943,model4-12,RNN_Gen4,QNet,QNetRNN,3,0,model4-12
944,model4-12,RNN_Gen4,QNet,QNetRNN,0,3,RNN_Gen4
945,model4-12,RNN_Gen4,QNet,QNetRNN,0,3,RNN_Gen4
946,model4-12,RNN_Gen4,QNet,QNetRNN,3,0,model4-12
947,model4-12,RNN_Gen4,QNet,QNetRNN,1,3,RNN_Gen4
948,model4-12,RNN_Gen4,QNet,QNetRNN,0,3,RNN_Gen4
949,model4-12,RNN_Gen4,QNet,QNetRNN,3,0,model4-12
950,model4-12,RNN_Gen4,QNet,QNetRNN,1,3,RNN_Gen4
951,model4-12,RNN_Gen4,QNet,QNetRNN,0,3,RNN_Gen4
952,model4-12,RNN_Gen4,QNet,QNetRNN,3,0,model4-12
953,model4-12,RNN_Gen4,QNet,QNetRNN,0,3,RNN_Gen4
954,model4-12,RNN_Gen4,QNet,QNetRNN,3,0,model4-12
955,model4-12,RNN_Gen4,QNet,QNetRNN,3,0,model4-12
956,model4-12,RNN_Gen4,QNet,QNetRNN,2,3,RNN_Gen4
957,model4-12,RNN_Gen4,QNet,QNetRNN,2,3,RNN_Gen4
958,model4-12,RNN_Gen4,QNet,QNetRNN,3,0,model4-12
959,model4-12,RNN_Gen4,QNet,QNetRNN,1,3,RNN_Gen4
960,model4-12,RNN_Gen4,QNet,QNetRNN,3,0,model4-12
961,model4-12,RNN_Gen4,QNet,QNetRNN,0,3,RNN_Gen4
962,model4-12,RNN_Gen4,QNet,QNetRNN,3,0,model4-12
963,model4-12,RNN_Gen4,QNet,QNetRNN,3,0,model4-12
964,model4-12,RNN_Gen4,QNet,QNetRNN,3,0,model4-12
965,model4-12,RNN_Gen4,QNet,QNetRNN,3,0,model4-12
966,model4-12,RNN_Gen4,QNet,QNetRNN,3,1,model4-12
967,model4-12,RNN_Gen4,QNet,QNetRNN,3,0,model4-12
968,model4-12,RNN_Gen4,QNet,QNetRNN,2,3,RNN_Gen4
969,model4-12,RNN_Gen4,QNet,QNetRNN,3,0,model4-12
970,model4-12,RNN_Gen4,QNet,QNetRNN,1,3,RNN_Gen4
971,model4-12,RNN_Gen4,QNet,QNetRNN,3,0,model4-12
972,model4-12,RNN_Gen4,QNet,QNetRNN,3,0,model4-12
973,model4-12,RNN_Gen4,QNet,QNetRNN,0,3,RNN_Gen4
974,model4-12,RNN_Gen4,QNet,QNetRNN,3,0,model4-12
975,model4-12,RNN_Gen4,QNet,QNetRNN,3,0,model4-12
976,model4-12,RNN_Gen4,QNet,QNetRNN,3,0,model4-12
977,model4-12,RNN_Gen4,QNet,QNetRNN,1,3,RNN_Gen4
978,model4-12,RNN_Gen4,QNet,QNetRNN,3,0,model4-12
979,model4-12,RNN_Gen4,QNet,QNetRNN,0,3,RNN_Gen4
980,model4-12,RNN_Gen4,QNet,QNetRNN,3,0,model4-12
981,model4-12,RNN_Gen4,QNet,QNetRNN,3,0,model4-12
982,model4-12,RNN_Gen4,QNet,QNetRNN,3,0,model4-12
983,model4-12,RNN_Gen4,QNet,QNetRNN,0,3,RNN_Gen4
984,model4-12,RNN_Gen4,QNet,QNetRNN,3,0,model4-12
985,model4-12,RNN_Gen4,QNet,QNetRNN,2,3,RNN_Gen4
986,model4-12,RNN_Gen4,QNet,QNetRNN,3,0,model4-12
987,model4-12,RNN_Gen4,QNet,QNetRNN,0,3,RNN_Gen4
988,model4-12,RNN_Gen4,QNet,QNetRNN,0,3,RNN_Gen4
989,model4-12,RNN_Gen4,QNet,QNetRNN,3,0,model4-12
990,model4-12,RNN_Gen4,QNet,QNetRNN,0,3,RNN_Gen4
991,model4-12,RNN_Gen4,QNet,QNetRNN,2,3,RNN_Gen4
992,model4-12,RNN_Gen4,QNet,QNetRNN,3,0,model4-12
993,model4-12,RNN_Gen4,QNet,QNetRNN,3,0,model4-12
994,model4-12,RNN_Gen4,QNet,QNetRNN,3,0,model4-12
995,model4-12,RNN_Gen4,QNet,QNetRNN,0,3,RNN_Gen4
996,model4-12,RNN_Gen4,QNet,QNetRNN,0,3,RNN_Gen4
997,model4-12,RNN_Gen4,QNet,QNetRNN,3,0,model4-12
998,model4-12,RNN_Gen4,QNet,QNetRNN,3,0,model4-12
999,model4-12,RNN_Gen4,QNet,QNetRNN,1,3,RNN_Gen4
1000,model4-12,RNN_Gen4,QNet,QNetRNN,3,0,model4-12
